sample,V,frequency_tool,tool,J,frequency_TCR
CMT-baseline1C_CAGATC,TRBV10,6.386562672137822e-05,MIXCR,,0.00651159084075964
CMT-baseline1C_CAGATC,TRBV10,5.632438338881285e-06,IMREP,,0.00651159084075964
CMT-baseline1C_CAGATC,TRBV11,4.789922004103366e-05,MIXCR,,0.003202391184989266
CMT-baseline1C_CAGATC,TRBV12,8.781523674189505e-05,MIXCR,,0.0002047162356637831
CMT-baseline1C_CAGATC,TRBV12,2.5345972524965784e-05,IMREP,,0.0002047162356637831
CMT-baseline1C_CAGATC,TRBV14,1.5966406680344554e-05,MIXCR,,0.0015171563693606653
CMT-baseline1C_CAGATC,TRBV14,5.632438338881285e-06,IMREP,,0.0015171563693606653
CMT-baseline1C_CAGATC,TRBV18,7.18488300615505e-05,MIXCR,,0.00281189858784091
CMT-baseline1C_CAGATC,TRBV18,8.448657508321927e-06,IMREP,,0.00281189858784091
CMT-baseline1C_CAGATC,TRBV2,1.5966406680344554e-05,MIXCR,,0.0047866133383287655
CMT-baseline1C_CAGATC,TRBV2,5.632438338881285e-06,IMREP,,0.0047866133383287655
CMT-baseline1C_CAGATC,TRBV20,3.193281336068911e-05,MIXCR,,0.0001289567389469533
CMT-baseline1C_CAGATC,TRBV27,7.184883006155051e-05,MIXCR,,0.005170378657763201
CMT-baseline1C_CAGATC,TRBV27,1.97135341860845e-05,IMREP,,0.005170378657763201
CMT-baseline1C_CAGATC,TRBV28,5.588242338120594e-05,MIXCR,,0.005648222368612386
CMT-baseline1C_CAGATC,TRBV28,1.126487667776257e-05,IMREP,,0.005648222368612386
CMT-baseline1C_CAGATC,TRBV30,1.5966406680344554e-05,MIXCR,,0.0007260285102029525
CMT-baseline1C_CAGATC,TRBV4,3.193281336068911e-05,MIXCR,,0.0039054434543846603
CMT-baseline1C_CAGATC,TRBV4,2.8162191694406424e-05,IMREP,,0.0039054434543846603
CMT-baseline1C_CAGATC,TRBV5,6.386562672137822e-05,MIXCR,,0.009539797281248397
CMT-baseline1C_CAGATC,TRBV5,1.6897315016643855e-05,IMREP,,0.009539797281248397
CMT-baseline1C_CAGATC,TRBV6,2.394961002051683e-05,MIXCR,,0.011442892398228011
CMT-baseline1C_CAGATC,TRBV7,0.0001676472701436178,MIXCR,,0.010072804669351764
CMT-baseline1C_CAGATC,TRBV7,3.9427068372169e-05,IMREP,,0.010072804669351764
CMT-baseline1C_CAGATC,TRBV9,1.5966406680344554e-05,MIXCR,,0.0022784772134166738
ESO1-sorted-T-cells_S13_L007,TRBV10,0.0007456262654429521,MIXCR,,1.8836377598993157e-05
ESO1-sorted-T-cells_S13_L007,TRBV10,0.0003013354511301487,IMREP,,1.8836377598993157e-05
ESO1-sorted-T-cells_S13_L007,TRBV11,0.0027248699700536984,MIXCR,,4.7194440577697096e-05
ESO1-sorted-T-cells_S13_L007,TRBV11,0.0021600401029609737,IMREP,,4.7194440577697096e-05
ESO1-sorted-T-cells_S13_L007,TRBV12,0.0017943526387895386,MIXCR,,3.456785779155879e-05
ESO1-sorted-T-cells_S13_L007,TRBV12,0.0020558399936916687,IMREP,,3.456785779155879e-05
ESO1-sorted-T-cells_S13_L007,TRBV13,0.0002879451025084563,MIXCR,,3.4153871470701936e-06
ESO1-sorted-T-cells_S13_L007,TRBV14,0.0002091390744535106,MIXCR,,1.262658278613829e-05
ESO1-sorted-T-cells_S13_L007,TRBV14,0.0001464433968109134,IMREP,,1.262658278613829e-05
ESO1-sorted-T-cells_S13_L007,TRBV15,0.0003000691068246019,MIXCR,,1.0660147762067575e-05
ESO1-sorted-T-cells_S13_L007,TRBV15,7.040547923601607e-05,IMREP,,1.0660147762067575e-05
ESO1-sorted-T-cells_S13_L007,TRBV16,1.515500539518192e-05,MIXCR,,1.7594418636422203e-06
ESO1-sorted-T-cells_S13_L007,TRBV18,0.0005183011845152213,MIXCR,,1.93538605000644e-05
ESO1-sorted-T-cells_S13_L007,TRBV18,0.0005153681080076377,IMREP,,1.93538605000644e-05
ESO1-sorted-T-cells_S13_L007,TRBV19,0.0008820213139995902,MIXCR,,4.584898503491185e-05
ESO1-sorted-T-cells_S13_L007,TRBV19,0.00149822859814242,IMREP,,4.584898503491185e-05
ESO1-sorted-T-cells_S13_L007,TRBV2,0.0012336174391678115,MIXCR,,4.0984645764842186e-05
ESO1-sorted-T-cells_S13_L007,TRBV2,0.0011912607086733916,IMREP,,4.0984645764842186e-05
ESO1-sorted-T-cells_S13_L007,TRBV20,0.0034917132430499096,MIXCR,,6.779026004033238e-05
ESO1-sorted-T-cells_S13_L007,TRBV20,1.126487667776257e-05,IMREP,,6.779026004033238e-05
ESO1-sorted-T-cells_S13_L007,TRBV21,6.668202373880045e-05,MIXCR,,4.1398632085699315e-06
ESO1-sorted-T-cells_S13_L007,TRBV23,3.940301402747299e-05,MIXCR,,1.7594418636422203e-06
ESO1-sorted-T-cells_S13_L007,TRBV24,0.00047586716940871204,MIXCR,,7.244760614997381e-06
ESO1-sorted-T-cells_S13_L007,TRBV25,0.0003273481165359293,MIXCR,,5.0713324304981665e-06
ESO1-sorted-T-cells_S13_L007,TRBV25,0.00031823276614679265,IMREP,,5.0713324304981665e-06
ESO1-sorted-T-cells_S13_L007,TRBV27,0.001297268461827573,MIXCR,,3.218743644663111e-05
ESO1-sorted-T-cells_S13_L007,TRBV27,0.0013658662971787116,IMREP,,3.218743644663111e-05
ESO1-sorted-T-cells_S13_L007,TRBV28,0.0016094615729683186,MIXCR,,1.655945283427972e-05
ESO1-sorted-T-cells_S13_L007,TRBV28,0.001253217530401086,IMREP,,1.655945283427972e-05
ESO1-sorted-T-cells_S13_L007,TRBV29,0.0015488415513875914,MIXCR,,1.9664350240707137e-05
ESO1-sorted-T-cells_S13_L007,TRBV29,6.195682172769414e-05,IMREP,,1.9664350240707137e-05
ESO1-sorted-T-cells_S13_L007,TRBV3,0.0009062693226318814,MIXCR,,3.084198090384586e-05
ESO1-sorted-T-cells_S13_L007,TRBV3,0.0009209036684070898,IMREP,,3.084198090384586e-05
ESO1-sorted-T-cells_S13_L007,TRBV30,0.00021520107661158336,MIXCR,,1.8836377598993157e-05
ESO1-sorted-T-cells_S13_L007,TRBV30,0.00031823276614679265,IMREP,,1.8836377598993157e-05
ESO1-sorted-T-cells_S13_L007,TRBV4,0.002252033801724024,MIXCR,,4.3054577369127156e-05
ESO1-sorted-T-cells_S13_L007,TRBV4,0.0014137420230592025,IMREP,,4.3054577369127156e-05
ESO1-sorted-T-cells_S13_L007,TRBV5,0.0034553412301014737,MIXCR,,7.2240612989545e-05
ESO1-sorted-T-cells_S13_L007,TRBV5,0.003052781579673658,IMREP,,7.2240612989545e-05
ESO1-sorted-T-cells_S13_L007,TRBV6,0.3751833755652821,MIXCR,,0.008551404940202125
ESO1-sorted-T-cells_S13_L007,TRBV6,0.5662374748652438,IMREP,,0.008551404940202125
ESO1-sorted-T-cells_S13_L007,TRBV7,0.004782919702719412,MIXCR,,8.993852820618131e-05
ESO1-sorted-T-cells_S13_L007,TRBV7,0.004551010177816087,IMREP,,8.993852820618131e-05
ESO1-sorted-T-cells_S13_L007,TRBV9,0.0013397024769340824,MIXCR,,4.63664679359831e-05
INY1-sorted-T-cells_S14_L007,TRBV10,0.0009991967242021118,MIXCR,,2.018183314177838e-05
INY1-sorted-T-cells_S14_L007,TRBV10,0.0005097356696687563,IMREP,,2.018183314177838e-05
INY1-sorted-T-cells_S14_L007,TRBV11,0.0016947160126173073,MIXCR,,1.8008404957279184e-05
INY1-sorted-T-cells_S14_L007,TRBV11,0.0008195197783072265,IMREP,,1.8008404957279184e-05
INY1-sorted-T-cells_S14_L007,TRBV12,0.0020375776336670516,MIXCR,,2.514966899206226e-05
INY1-sorted-T-cells_S14_L007,TRBV12,0.0012757472837566098,IMREP,,2.514966899206226e-05
INY1-sorted-T-cells_S14_L007,TRBV13,0.00040163789894398613,MIXCR,,1.655945283427972e-06
INY1-sorted-T-cells_S14_L007,TRBV14,0.00026449325052408843,MIXCR,,7.969236676497119e-06
INY1-sorted-T-cells_S14_L007,TRBV14,0.00020840021853860756,IMREP,,7.969236676497119e-06
INY1-sorted-T-cells_S14_L007,TRBV15,0.00029388138947120937,MIXCR,,5.48531875135516e-06
INY1-sorted-T-cells_S14_L007,TRBV15,6.477304089713477e-05,IMREP,,5.48531875135516e-06
INY1-sorted-T-cells_S14_L007,TRBV16,1.9592092631413958e-05,MIXCR,,2.0699316042849653e-06
INY1-sorted-T-cells_S14_L007,TRBV18,0.0007347034736780234,MIXCR,,9.935671700567838e-06
INY1-sorted-T-cells_S14_L007,TRBV18,0.0004843896971437908,IMREP,,9.935671700567838e-06
INY1-sorted-T-cells_S14_L007,TRBV19,0.0010481769557806467,MIXCR,,5.8993050722121255e-05
INY1-sorted-T-cells_S14_L007,TRBV19,0.0010842443802346457,IMREP,,5.8993050722121255e-05
INY1-sorted-T-cells_S14_L007,TRBV2,0.0013224662526204421,MIXCR,,2.6288131374418983e-05
INY1-sorted-T-cells_S14_L007,TRBV2,0.0005970384639214166,IMREP,,2.6288131374418983e-05
INY1-sorted-T-cells_S14_L007,TRBV20,0.0030269783115534563,MIXCR,,4.2433597887841577e-05
INY1-sorted-T-cells_S14_L007,TRBV20,8.448657508321927e-06,IMREP,,4.2433597887841577e-05
INY1-sorted-T-cells_S14_L007,TRBV21,0.0001861248799984326,MIXCR,,3.4153871470701936e-06
INY1-sorted-T-cells_S14_L007,TRBV23,9.796046315706982e-05,MIXCR,,2.0699316042849653e-07
INY1-sorted-T-cells_S14_L007,TRBV23,5.632438338881285e-06,IMREP,,2.0699316042849653e-07
INY1-sorted-T-cells_S14_L007,TRBV24,0.0006073548715738327,MIXCR,,4.4503529492126765e-06
INY1-sorted-T-cells_S14_L007,TRBV25,0.0003330655747340373,MIXCR,,6.10629823264065e-06
INY1-sorted-T-cells_S14_L007,TRBV25,0.00022248131438581083,IMREP,,6.10629823264065e-06
INY1-sorted-T-cells_S14_L007,TRBV27,0.003634333183127289,MIXCR,,5.7440602018907516e-05
INY1-sorted-T-cells_S14_L007,TRBV27,0.002309299718941328,IMREP,,5.7440602018907516e-05
INY1-sorted-T-cells_S14_L007,TRBV28,0.002870241570502145,MIXCR,,1.945735708027865e-05
INY1-sorted-T-cells_S14_L007,TRBV28,0.000949065860101496,IMREP,,1.945735708027865e-05
INY1-sorted-T-cells_S14_L007,TRBV29,0.0019788013557728097,MIXCR,,1.1384623823567315e-05
INY1-sorted-T-cells_S14_L007,TRBV29,3.097841086384707e-05,IMREP,,1.1384623823567315e-05
INY1-sorted-T-cells_S14_L007,TRBV3,0.0006073548715738327,MIXCR,,2.6391627954633223e-05
INY1-sorted-T-cells_S14_L007,TRBV3,0.00034076251950231783,IMREP,,2.6391627954633223e-05
INY1-sorted-T-cells_S14_L007,TRBV30,0.00039184185262827916,MIXCR,,2.111330236370661e-05
INY1-sorted-T-cells_S14_L007,TRBV30,0.00040553556039945286,IMREP,,2.111330236370661e-05
INY1-sorted-T-cells_S14_L007,TRBV4,0.002272682745244019,MIXCR,,4.667695767662573e-05
INY1-sorted-T-cells_S14_L007,TRBV4,0.0007913575866128192,IMREP,,4.667695767662573e-05
INY1-sorted-T-cells_S14_L007,TRBV5,0.0031151427283948193,MIXCR,,5.412871145205154e-05
INY1-sorted-T-cells_S14_L007,TRBV5,0.002050207555352784,IMREP,,5.412871145205154e-05
INY1-sorted-T-cells_S14_L007,TRBV6,0.3708685174663499,MIXCR,,0.008322574001348467
INY1-sorted-T-cells_S14_L007,TRBV6,0.1284421238798479,IMREP,,0.008322574001348467
INY1-sorted-T-cells_S14_L007,TRBV7,0.0099723751493896,MIXCR,,0.00010805042974367464
INY1-sorted-T-cells_S14_L007,TRBV7,0.005384611051970485,IMREP,,0.00010805042974367464
INY1-sorted-T-cells_S14_L007,TRBV9,0.0019592092631413958,MIXCR,,3.187694670598833e-05
INY1-sorted-T-cells_S14_L007,TRBV9,5.632438338881285e-06,IMREP,,3.187694670598833e-05
INY2-sorted-T-cells_S15_L007,TRBV10,0.000505557300324016,MIXCR,,6.240843786919147e-05
INY2-sorted-T-cells_S15_L007,TRBV10,0.00018868668435252306,IMREP,,6.240843786919147e-05
INY2-sorted-T-cells_S15_L007,TRBV11,0.0018613700602838764,MIXCR,,9.200845981046636e-05
INY2-sorted-T-cells_S15_L007,TRBV11,0.00083360087415443,IMREP,,9.200845981046636e-05
INY2-sorted-T-cells_S15_L007,TRBV12,0.004511715907437061,MIXCR,,0.0003053149116320353
INY2-sorted-T-cells_S15_L007,TRBV12,0.0032245709490095415,IMREP,,0.0003053149116320353
INY2-sorted-T-cells_S15_L007,TRBV13,0.0006970562777194766,MIXCR,,3.725876887712928e-05
INY2-sorted-T-cells_S15_L007,TRBV14,0.00024511869106618974,MIXCR,,2.866855271934666e-05
INY2-sorted-T-cells_S15_L007,TRBV14,0.00014081095847203213,IMREP,,2.866855271934666e-05
INY2-sorted-T-cells_S15_L007,TRBV15,0.00010723942734145798,MIXCR,,1.9146867339635906e-05
INY2-sorted-T-cells_S15_L007,TRBV15,1.6897315016643855e-05,IMREP,,1.9146867339635906e-05
INY2-sorted-T-cells_S15_L007,TRBV16,4.595975457491057e-05,MIXCR,,3.829373467927186e-06
INY2-sorted-T-cells_S15_L007,TRBV16,5.632438338881285e-06,IMREP,,3.829373467927186e-06
INY2-sorted-T-cells_S15_L007,TRBV18,0.0005438570958031081,MIXCR,,3.280841592791656e-05
INY2-sorted-T-cells_S15_L007,TRBV18,0.00036329227285784296,IMREP,,3.280841592791656e-05
INY2-sorted-T-cells_S15_L007,TRBV19,0.001087714191606216,MIXCR,,0.00020409525618250252
INY2-sorted-T-cells_S15_L007,TRBV19,0.0012025255853511517,IMREP,,0.00020409525618250252
INY2-sorted-T-cells_S15_L007,TRBV2,0.000834935541444208,MIXCR,,9.128398374896652e-05
INY2-sorted-T-cells_S15_L007,TRBV2,0.0005210005463465191,IMREP,,9.128398374896652e-05
INY2-sorted-T-cells_S15_L007,TRBV20,0.001325172923576587,MIXCR,,8.724761712061087e-05
INY2-sorted-T-cells_S15_L007,TRBV21,0.0002297987728745529,MIXCR,,5.1437800366481325e-05
INY2-sorted-T-cells_S15_L007,TRBV21,1.126487667776257e-05,IMREP,,5.1437800366481325e-05
INY2-sorted-T-cells_S15_L007,TRBV23,0.00012255934553309484,MIXCR,,4.1398632085699315e-06
INY2-sorted-T-cells_S15_L007,TRBV24,0.0001838390182996423,MIXCR,,1.3661548588280776e-05
INY2-sorted-T-cells_S15_L007,TRBV25,0.00016851910010800544,MIXCR,,1.811190153749343e-05
INY2-sorted-T-cells_S15_L007,TRBV25,9.856767093042246e-05,IMREP,,1.811190153749343e-05
INY2-sorted-T-cells_S15_L007,TRBV27,0.0017311507556549632,MIXCR,,0.00019364210158086237
INY2-sorted-T-cells_S15_L007,TRBV27,0.0012729310645871678,IMREP,,0.00019364210158086237
INY2-sorted-T-cells_S15_L007,TRBV28,0.00037533799569510287,MIXCR,,1.552448703213724e-05
INY2-sorted-T-cells_S15_L007,TRBV28,0.00020276778019972624,IMREP,,1.552448703213724e-05
INY2-sorted-T-cells_S15_L007,TRBV29,0.0010723942734145791,MIXCR,,6.302941735047698e-05
INY2-sorted-T-cells_S15_L007,TRBV29,3.097841086384707e-05,IMREP,,6.302941735047698e-05
INY2-sorted-T-cells_S15_L007,TRBV3,0.0004366176684616502,MIXCR,,7.720844883982887e-05
INY2-sorted-T-cells_S15_L007,TRBV3,0.0002759894786051831,IMREP,,7.720844883982887e-05
INY2-sorted-T-cells_S15_L007,TRBV30,0.00012255934553309484,MIXCR,,9.739028198160713e-05
INY2-sorted-T-cells_S15_L007,TRBV30,0.00025909216358853925,IMREP,,9.739028198160713e-05
INY2-sorted-T-cells_S15_L007,TRBV4,0.001401772514534771,MIXCR,,0.0001257483449603113
INY2-sorted-T-cells_S15_L007,TRBV4,0.0006308330939547034,IMREP,,0.0001257483449603113
INY2-sorted-T-cells_S15_L007,TRBV5,0.0017694505511340554,MIXCR,,0.0002186882739927123
INY2-sorted-T-cells_S15_L007,TRBV5,0.001337704105484302,IMREP,,0.0002186882739927123
INY2-sorted-T-cells_S15_L007,TRBV6,0.37684700763698004,MIXCR,,0.029256206301803114
INY2-sorted-T-cells_S15_L007,TRBV6,0.15347267985783616,IMREP,,0.029256206301803114
INY2-sorted-T-cells_S15_L007,TRBV7,0.005415591080743658,MIXCR,,0.00035882264360280713
INY2-sorted-T-cells_S15_L007,TRBV7,0.003908912207183637,IMREP,,0.00035882264360280713
INY2-sorted-T-cells_S15_L007,TRBV9,0.0008502554596358449,MIXCR,,0.00011601966642017168
JSSBaseline-RNA_GTGAAA,TRBV10,0.0001603720631865929,MIXCR,,0.012821052860360877
JSSBaseline-RNA_GTGAAA,TRBV11,0.00038756581936759947,MIXCR,,0.007095104560007585
JSSBaseline-RNA_GTGAAA,TRBV12,0.0002539224333787721,MIXCR,,0.0006463361434379805
JSSBaseline-RNA_GTGAAA,TRBV12,6.477304089713478e-05,IMREP,,0.0006463361434379805
JSSBaseline-RNA_GTGAAA,TRBV14,2.6728677197765484e-05,MIXCR,,0.0016323480631391227
JSSBaseline-RNA_GTGAAA,TRBV18,4.009301579664822e-05,MIXCR,,0.0018400656996291188
JSSBaseline-RNA_GTGAAA,TRBV19,5.345735439553097e-05,MIXCR,,0.012306260870375235
JSSBaseline-RNA_GTGAAA,TRBV19,5.632438338881285e-06,IMREP,,0.012306260870375235
JSSBaseline-RNA_GTGAAA,TRBV2,4.009301579664822e-05,MIXCR,,0.007795569414897602
JSSBaseline-RNA_GTGAAA,TRBV20,0.00048111618955977865,MIXCR,,0.00026588271457040415
JSSBaseline-RNA_GTGAAA,TRBV21,9.35503701921792e-05,MIXCR,,0.0007612173474757962
JSSBaseline-RNA_GTGAAA,TRBV27,2.6728677197765484e-05,MIXCR,,0.004829564419117682
JSSBaseline-RNA_GTGAAA,TRBV28,0.00013364338598882743,MIXCR,,0.0045371865800124265
JSSBaseline-RNA_GTGAAA,TRBV29,9.355037019217918e-05,MIXCR,,0.0018488629089473269
JSSBaseline-RNA_GTGAAA,TRBV30,2.6728677197765484e-05,MIXCR,,0.0016374193955696172
JSSBaseline-RNA_GTGAAA,TRBV4,0.00010691470879106192,MIXCR,,0.005001575735433756
JSSBaseline-RNA_GTGAAA,TRBV5,0.00012027904738994466,MIXCR,,0.019419580828500368
JSSBaseline-RNA_GTGAAA,TRBV6,0.000414294496565365,MIXCR,,0.016858040468197683
JSSBaseline-RNA_GTGAAA,TRBV6,5.632438338881285e-06,IMREP,,0.016858040468197683
JSSBaseline-RNA_GTGAAA,TRBV7,0.0003474728035709513,MIXCR,,0.013283372084178005
JSSBaseline-RNA_GTGAAA,TRBV7,5.632438338881285e-05,IMREP,,0.013283372084178005
JSSBaseline-RNA_GTGAAA,TRBV9,2.6728677197765484e-05,MIXCR,,0.0027426593756775743
LEK-OT110712A_CCGTCC,TRBV11,0.0002947895939273344,MIXCR,,0.005440090745801541
LEK-OT110712A_CCGTCC,TRBV12,0.000368486992409168,MIXCR,,0.000267021176952761
LEK-OT110712A_CCGTCC,TRBV12,1.126487667776257e-05,IMREP,,0.000267021176952761
LEK-OT110712A_CCGTCC,TRBV13,7.36973984818336e-05,MIXCR,,0.0005897235140607874
LEK-OT110712A_CCGTCC,TRBV15,0.00022109219544550078,MIXCR,,0.0005469794264323023
LEK-OT110712A_CCGTCC,TRBV18,0.00011054609772275039,MIXCR,,0.0028479153977554626
LEK-OT110712A_CCGTCC,TRBV2,0.00047903309013191833,MIXCR,,0.008879799589222102
LEK-OT110712A_CCGTCC,TRBV2,5.632438338881285e-06,IMREP,,0.008879799589222102
LEK-OT110712A_CCGTCC,TRBV20,0.00047903309013191833,MIXCR,,0.00015783228482672856
LEK-OT110712A_CCGTCC,TRBV27,0.0005527304886137519,MIXCR,,0.005895475698744221
LEK-OT110712A_CCGTCC,TRBV27,1.6897315016643855e-05,IMREP,,0.005895475698744221
LEK-OT110712A_CCGTCC,TRBV28,7.36973984818336e-05,MIXCR,,0.003286223414962808
LEK-OT110712A_CCGTCC,TRBV30,0.0013265531726730046,MIXCR,,0.0012141183824933412
LEK-OT110712A_CCGTCC,TRBV30,5.9140602558253496e-05,IMREP,,0.0012141183824933412
LEK-OT110712A_CCGTCC,TRBV4,0.0007369739848183359,MIXCR,,0.009129743830439588
LEK-OT110712A_CCGTCC,TRBV4,1.6897315016643855e-05,IMREP,,0.009129743830439588
LEK-OT110712A_CCGTCC,TRBV5,0.0009949148795047537,MIXCR,,0.015371001603679775
LEK-OT110712A_CCGTCC,TRBV5,4.224328754160964e-05,IMREP,,0.015371001603679775
LEK-OT110712A_CCGTCC,TRBV6,0.0025794089468641757,MIXCR,,0.014777552212731238
LEK-OT110712A_CCGTCC,TRBV6,0.00016897315016643855,IMREP,,0.014777552212731238
LEK-OT110712A_CCGTCC,TRBV7,0.002800501142309677,MIXCR,,0.015436721932115864
LEK-OT110712A_CCGTCC,TRBV7,0.00016334071182755726,IMREP,,0.015436721932115864
LEK-OT110712A_CCGTCC,TRBV9,0.00040533569165008475,MIXCR,,0.001987962312755269
LEK-baseline_CGATGT,TRBV10,0.00019457776624724348,MIXCR,,0.004817972802133688
LEK-baseline_CGATGT,TRBV10,5.632438338881285e-06,IMREP,,0.004817972802133688
LEK-baseline_CGATGT,TRBV11,6.485925541574782e-05,MIXCR,,0.008065902482417297
LEK-baseline_CGATGT,TRBV18,6.485925541574782e-05,MIXCR,,0.009274639042739456
LEK-baseline_CGATGT,TRBV19,6.485925541574782e-05,MIXCR,,0.006659383957305593
LEK-baseline_CGATGT,TRBV20,0.0002594370216629913,MIXCR,,0.0003160785559743146
LEK-baseline_CGATGT,TRBV23,6.485925541574782e-05,MIXCR,,9.262943929175221e-05
LEK-baseline_CGATGT,TRBV27,0.0002594370216629913,MIXCR,,0.010052519339629742
LEK-baseline_CGATGT,TRBV29,6.485925541574782e-05,MIXCR,,0.006263923524306945
LEK-baseline_CGATGT,TRBV4,9.728888312362174e-05,MIXCR,,0.011602380628338129
LEK-baseline_CGATGT,TRBV5,6.485925541574782e-05,MIXCR,,0.023808042822744936
LEK-baseline_CGATGT,TRBV5,1.126487667776257e-05,IMREP,,0.023808042822744936
LEK-baseline_CGATGT,TRBV6,0.00019457776624724348,MIXCR,,0.018119249794688368
LEK-baseline_CGATGT,TRBV7,0.0007458814372811001,MIXCR,,0.020110317004850213
MP-11-28-12RNA_S2,TRBV10,0.002687060768912774,MIXCR,,0.00012398890309666942
MP-11-28-12RNA_S2,TRBV10,3.379463003328771e-05,IMREP,,0.00012398890309666942
MP-11-28-12RNA_S2,TRBV11,0.0010334849111202976,MIXCR,,4.026016970334243e-05
MP-11-28-12RNA_S2,TRBV11,8.448657508321927e-06,IMREP,,4.026016970334243e-05
MP-11-28-12RNA_S2,TRBV14,0.00041339396444811904,MIXCR,,2.2148268165849094e-05
MP-11-28-12RNA_S2,TRBV14,5.632438338881285e-06,IMREP,,2.2148268165849094e-05
MP-11-28-12RNA_S2,TRBV19,0.00041339396444811904,MIXCR,,0.00010525602207789023
MP-11-28-12RNA_S2,TRBV19,1.126487667776257e-05,IMREP,,0.00010525602207789023
MP-11-28-12RNA_S2,TRBV2,0.00041339396444811904,MIXCR,,8.383222997354092e-05
MP-11-28-12RNA_S2,TRBV20,0.00041339396444811904,MIXCR,,4.553849529426924e-06
MP-11-28-12RNA_S2,TRBV27,0.00041339396444811904,MIXCR,,5.050633114455299e-05
MP-11-28-12RNA_S2,TRBV27,5.632438338881285e-06,IMREP,,5.050633114455299e-05
MP-11-28-12RNA_S2,TRBV29,0.00041339396444811904,MIXCR,,2.0285329721992622e-05
MP-11-28-12RNA_S2,TRBV4,0.0012401818933443572,MIXCR,,0.00013247562267423808
MP-11-28-12RNA_S2,TRBV5,0.0016535758577924762,MIXCR,,0.0001723218060567255
MP-11-28-12RNA_S2,TRBV5,4.787572588049091e-05,IMREP,,0.0001723218060567255
MP-11-28-12RNA_S2,TRBV6,0.0006200909466721786,MIXCR,,0.0001714938334150115
MP-11-28-12RNA_S2,TRBV6,8.448657508321927e-06,IMREP,,0.0001714938334150115
MP-11-28-12RNA_S2,TRBV7,0.0035138486978090124,MIXCR,,0.000163628093318728
MP-11-28-12RNA_S2,TRBV7,7.885413674433798e-05,IMREP,,0.000163628093318728
PT0112-B_S3,TRBV15,0.006289308176100629,MIXCR,,0.0004873653962288952
PT0112-B_S3,TRBV2,0.015723270440251572,MIXCR,,0.01100924172713023
PT0112-B_S3,TRBV25,0.006289308176100629,MIXCR,,0.0006100088437827793
PT0112-B_S3,TRBV25,1.126487667776257e-05,IMREP,,0.0006100088437827793
PT0112-B_S3,TRBV28,0.006289308176100629,MIXCR,,0.004250501052818964
PT0112-B_S3,TRBV4,0.006289308176100629,MIXCR,,0.00472482587994086
PT0112-B_S3,TRBV5,0.006289308176100629,MIXCR,,0.012833368953406386
PT0112-B_S3,TRBV7,0.012578616352201259,MIXCR,,0.010697199537784299
PT0285-B_S5,TRBV11,0.00014726456078344746,MIXCR,,0.0006201515086437767
PT0285-B_S5,TRBV28,0.00022089684117517118,MIXCR,,0.0016194109906123417
PT0285-B_S5,TRBV28,1.126487667776257e-05,IMREP,,0.0016194109906123417
PT0285-B_S5,TRBV5,0.00022089684117517118,MIXCR,,0.0032172946925401185
PT0285-B_S5,TRBV7,0.0002945291215668949,MIXCR,,0.00416232196647642
PT0285-B_S5,TRBV7,5.632438338881285e-06,IMREP,,0.00416232196647642
PT0285-B_S5,TRBV9,0.00014726456078344746,MIXCR,,0.0006367109614780553
PT0310_S9,TRBV11,0.007535164099129269,MIXCR,,1.2730079366352537e-05
PT0310_S9,TRBV11,0.00010138389009986313,IMREP,,1.2730079366352537e-05
PT0310_S9,TRBV12,0.008874748827863361,MIXCR,,2.0699316042849653e-07
PT0310_S9,TRBV12,0.00011828120511650699,IMREP,,2.0699316042849653e-07
PT0310_S9,TRBV15,0.0021768251841929,MIXCR,,1.0660147762067572e-05
PT0310_S9,TRBV15,5.069194504993156e-05,IMREP,,1.0660147762067572e-05
PT0310_S9,TRBV18,0.0020093770931011385,MIXCR,,4.1398632085699306e-07
PT0310_S9,TRBV18,5.632438338881285e-06,IMREP,,4.1398632085699306e-07
PT0310_S9,TRBV19,0.004521098459477561,MIXCR,,3.373988514984494e-05
PT0310_S9,TRBV19,4.505950671105028e-05,IMREP,,3.373988514984494e-05
PT0310_S9,TRBV2,0.03148024112525118,MIXCR,,0.0010131280237172763
PT0310_S9,TRBV2,0.00027317325943574235,IMREP,,0.0010131280237172763
PT0310_S9,TRBV20,0.004855994641661085,MIXCR,,2.276924764713462e-06
PT0310_S9,TRBV27,0.01808439383791025,MIXCR,,3.7569258617772114e-05
PT0310_S9,TRBV27,0.00019150290352196365,IMREP,,3.7569258617772114e-05
PT0310_S9,TRBV28,0.003683858004018754,MIXCR,,8.693712737996855e-06
PT0310_S9,TRBV28,1.6897315016643855e-05,IMREP,,8.693712737996855e-06
PT0310_S9,TRBV29,0.0023442732752846614,MIXCR,,5.38182217114091e-06
PT0310_S9,TRBV30,0.00033489618218352315,MIXCR,,6.209794812854896e-07
PT0310_S9,TRBV30,5.632438338881285e-06,IMREP,,6.209794812854896e-07
PT0310_S9,TRBV4,0.01172136637642331,MIXCR,,1.0970637502710318e-05
PT0310_S9,TRBV4,0.000157708273488676,IMREP,,1.0970637502710318e-05
PT0310_S9,TRBV5,0.005023442732752846,MIXCR,,2.2872744227348867e-05
PT0310_S9,TRBV5,3.9427068372169e-05,IMREP,,2.2872744227348867e-05
PT0310_S9,TRBV6,0.024447421299397188,MIXCR,,2.546015873270507e-05
PT0310_S9,TRBV6,4.7875725880490926e-05,IMREP,,2.546015873270507e-05
PT0310_S9,TRBV7,0.0349966510381782,MIXCR,,0.00011187980321160239
PT0310_S9,TRBV7,0.0003182327661467926,IMREP,,0.00011187980321160239
PT0310_S9,TRBV9,0.0013395847287340926,MIXCR,,4.967835850283917e-05
RAS-baseline_TGACCA,TRBV11,0.00017814197915738846,MIXCR,,0.001818538410944555
RAS-baseline_TGACCA,TRBV12,0.0006680324218402067,MIXCR,,0.00015990221643101362
RAS-baseline_TGACCA,TRBV12,3.661084920272835e-05,IMREP,,0.00015990221643101362
RAS-baseline_TGACCA,TRBV19,0.00013360648436804132,MIXCR,,0.004956347729880135
RAS-baseline_TGACCA,TRBV20,0.00013360648436804132,MIXCR,,0.00011353574849503032
RAS-baseline_TGACCA,TRBV27,0.0009797808853656367,MIXCR,,0.008709340721609218
RAS-baseline_TGACCA,TRBV27,4.505950671105028e-05,IMREP,,0.008709340721609218
RAS-baseline_TGACCA,TRBV28,0.0004898904426828182,MIXCR,,0.00313004707541951
RAS-baseline_TGACCA,TRBV29,0.00017814197915738846,MIXCR,,0.0009776286967037888
RAS-baseline_TGACCA,TRBV30,0.00022267747394673555,MIXCR,,0.00027737083497418564
RAS-baseline_TGACCA,TRBV4,0.00013360648436804132,MIXCR,,0.003288603836307736
RAS-baseline_TGACCA,TRBV5,0.0006234969270508595,MIXCR,,0.010567311329615418
RAS-baseline_TGACCA,TRBV6,0.0004453549478934711,MIXCR,,0.006083321991833082
RAS-baseline_TGACCA,TRBV6,5.632438338881285e-06,IMREP,,0.006083321991833082
RAS-baseline_TGACCA,TRBV7,0.0013806003384697605,MIXCR,,0.007454030700190589
RAS-baseline_TGACCA,TRBV7,1.126487667776257e-05,IMREP,,0.007454030700190589
RAS-baseline_TGACCA,TRBV9,0.0005344259374721654,MIXCR,,0.003689963574378593
SAR-11-14-12RNA_S1,TRBV11,0.0011266547741996054,MIXCR,,0.0002762323725918322
SAR-11-14-12RNA_S1,TRBV11,5.069194504993156e-05,IMREP,,0.0002762323725918322
SAR-11-14-12RNA_S1,TRBV12,0.0007511031827997371,MIXCR,,0.0004397569693303475
SAR-11-14-12RNA_S1,TRBV12,0.000245011067741336,IMREP,,0.0004397569693303475
SAR-11-14-12RNA_S1,TRBV14,0.00018777579569993427,MIXCR,,8.952454188532457e-05
SAR-11-14-12RNA_S1,TRBV14,3.9427068372169e-05,IMREP,,8.952454188532457e-05
SAR-11-14-12RNA_S1,TRBV15,0.00018777579569993427,MIXCR,,6.996368822483158e-05
SAR-11-14-12RNA_S1,TRBV15,8.448657508321927e-06,IMREP,,6.996368822483158e-05
SAR-11-14-12RNA_S1,TRBV18,0.0009388789784996713,MIXCR,,0.00023504073366656126
SAR-11-14-12RNA_S1,TRBV18,0.00013236230096371016,IMREP,,0.00023504073366656126
SAR-11-14-12RNA_S1,TRBV19,0.0011266547741996054,MIXCR,,0.0005868256098147799
SAR-11-14-12RNA_S1,TRBV19,0.00012954608179426951,IMREP,,0.0005868256098147799
SAR-11-14-12RNA_S1,TRBV20,0.0007511031827997371,MIXCR,,0.0006488200613631062
SAR-11-14-12RNA_S1,TRBV21,0.00018777579569993427,MIXCR,,6.095948574619201e-05
SAR-11-14-12RNA_S1,TRBV24,0.00018777579569993427,MIXCR,,0.00017459873082143924
SAR-11-14-12RNA_S1,TRBV25,0.00018777579569993427,MIXCR,,4.615947477555459e-05
SAR-11-14-12RNA_S1,TRBV25,5.632438338881285e-06,IMREP,,4.615947477555459e-05
SAR-11-14-12RNA_S1,TRBV27,0.0008449910806497042,MIXCR,,0.00028026873922018693
SAR-11-14-12RNA_S1,TRBV27,0.00010983254760818506,IMREP,,0.00028026873922018693
SAR-11-14-12RNA_S1,TRBV28,0.0027227490376490466,MIXCR,,0.0005199668189963827
SAR-11-14-12RNA_S1,TRBV28,0.00010138389009986312,IMREP,,0.0005199668189963827
SAR-11-14-12RNA_S1,TRBV29,0.0014083184677495066,MIXCR,,0.00016859592916901233
SAR-11-14-12RNA_S1,TRBV3,0.0005633273870998028,MIXCR,,0.00037320866825258443
SAR-11-14-12RNA_S1,TRBV3,5.3508164219372194e-05,IMREP,,0.00037320866825258443
SAR-11-14-12RNA_S1,TRBV4,0.0011266547741996054,MIXCR,,0.0006299836837641157
SAR-11-14-12RNA_S1,TRBV4,6.195682172769414e-05,IMREP,,0.0006299836837641157
SAR-11-14-12RNA_S1,TRBV5,0.0009388789784996713,MIXCR,,0.0009386104859629845
SAR-11-14-12RNA_S1,TRBV5,0.00018023802684420114,IMREP,,0.0009386104859629845
SAR-11-14-12RNA_S1,TRBV6,0.0011266547741996056,MIXCR,,0.0017381215681179418
SAR-11-14-12RNA_S1,TRBV6,0.00014081095847203208,IMREP,,0.0017381215681179418
SAR-11-14-12RNA_S1,TRBV7,0.003192188526898881,MIXCR,,0.0012764233237822582
SAR-11-14-12RNA_S1,TRBV7,0.0005041032313298754,IMREP,,0.0012764233237822582
TR2-PBMC_S12,TRBV1,0.00036833126550868487,MIXCR,,0.0001230574338747412
TR2-PBMC_S12,TRBV1,5.632438338881285e-05,IMREP,,0.0001230574338747412
TR2-PBMC_S12,TRBV10,0.0012988523573200992,MIXCR,,3.767275519798627e-05
TR2-PBMC_S12,TRBV10,0.0003294976428245554,IMREP,,3.767275519798627e-05
TR2-PBMC_S12,TRBV11,0.002597704714640196,MIXCR,,0.0001494490618293762
TR2-PBMC_S12,TRBV11,0.0005435302997020442,IMREP,,0.0001494490618293762
TR2-PBMC_S12,TRBV12,0.002733405707196027,MIXCR,,0.00012740429024373976
TR2-PBMC_S12,TRBV12,0.0015827151732256384,IMREP,,0.00012740429024373976
TR2-PBMC_S12,TRBV13,0.0007560483870967745,MIXCR,,1.5317493871708743e-05
TR2-PBMC_S12,TRBV14,0.0003683312655086848,MIXCR,,2.1527288684563595e-05
TR2-PBMC_S12,TRBV14,0.00018023802684420112,IMREP,,2.1527288684563595e-05
TR2-PBMC_S12,TRBV15,0.00042648883374689817,MIXCR,,2.8772049299560963e-05
TR2-PBMC_S12,TRBV15,7.885413674433797e-05,IMREP,,2.8772049299560963e-05
TR2-PBMC_S12,TRBV18,0.0013570099255583125,MIXCR,,5.195528326755247e-05
TR2-PBMC_S12,TRBV18,0.0005153681080076378,IMREP,,5.195528326755247e-05
TR2-PBMC_S12,TRBV19,0.002869106699751858,MIXCR,,0.0001608336856529441
TR2-PBMC_S12,TRBV19,0.0015630016390395533,IMREP,,0.0001608336856529441
TR2-PBMC_S12,TRBV2,0.0021712158808932986,MIXCR,,0.00010080566912867773
TR2-PBMC_S12,TRBV2,0.00045341128627994357,IMREP,,0.00010080566912867773
TR2-PBMC_S12,TRBV20,0.0062228598014888534,MIXCR,,0.0003822128707312236
TR2-PBMC_S12,TRBV21,0.000504032258064516,MIXCR,,1.707693573535095e-05
TR2-PBMC_S12,TRBV23,0.0003101736972704714,MIXCR,,2.690911085570455e-06
TR2-PBMC_S12,TRBV23,1.6897315016643855e-05,IMREP,,2.690911085570455e-06
TR2-PBMC_S12,TRBV24,0.0011049937965260548,MIXCR,,3.674128597605805e-05
TR2-PBMC_S12,TRBV25,0.0002714019851116625,MIXCR,,1.5731480192565736e-05
TR2-PBMC_S12,TRBV25,0.00012954608179426951,IMREP,,1.5731480192565736e-05
TR2-PBMC_S12,TRBV27,0.0012794665012406947,MIXCR,,7.79329249013287e-05
TR2-PBMC_S12,TRBV27,0.0005210005463465191,IMREP,,7.79329249013287e-05
TR2-PBMC_S12,TRBV28,0.0010274503722084367,MIXCR,,3.643079623541535e-05
TR2-PBMC_S12,TRBV28,0.00029851923196070815,IMREP,,3.643079623541535e-05
TR2-PBMC_S12,TRBV29,0.0036057692307692284,MIXCR,,4.6573461096411605e-05
TR2-PBMC_S12,TRBV29,0.00011828120511650698,IMREP,,4.6573461096411605e-05
TR2-PBMC_S12,TRBV3,0.0014345533498759302,MIXCR,,8.052033940668495e-05
TR2-PBMC_S12,TRBV3,0.0003773733687050462,IMREP,,8.052033940668495e-05
TR2-PBMC_S12,TRBV30,0.0006397332506203475,MIXCR,,0.00010163364177039135
TR2-PBMC_S12,TRBV30,0.0004731248204660282,IMREP,,0.00010163364177039135
TR2-PBMC_S12,TRBV4,0.0027915632754342405,MIXCR,,0.00019685049556750285
TR2-PBMC_S12,TRBV4,0.0005604276147186879,IMREP,,0.00019685049556750285
TR2-PBMC_S12,TRBV5,0.004303660049627791,MIXCR,,0.00019923091691243216
TR2-PBMC_S12,TRBV5,0.0017319747892059914,IMREP,,0.00019923091691243216
TR2-PBMC_S12,TRBV6,0.0070176799007444475,MIXCR,,0.0004222660472741395
TR2-PBMC_S12,TRBV6,0.0011095903527596114,IMREP,,0.0004222660472741395
TR2-PBMC_S12,TRBV7,0.011883529776674983,MIXCR,,0.0004858129475256897
TR2-PBMC_S12,TRBV7,0.004184901685788804,IMREP,,0.0004858129475256897
TR2-PBMC_S12,TRBV9,0.0013182382133995034,MIXCR,,0.0001083609194843178
CMT-baseline1C_CAGATC,TRBV19,2.8162191694406424e-05,IMREP,,0.004869824588821018
LEK-OT110712A_CCGTCC,TRBV10,5.632438338881285e-06,IMREP,,0.0033828892208829144
LEK-baseline_CGATGT,TRBV12,5.632438338881285e-06,IMREP,,0.00028751349983518175
PT0285-B_S5,TRBV4,1.126487667776257e-05,IMREP,,0.004788476276772623
SAR-11-14-12RNA_S1,TRBV10,3.097841086384707e-05,IMREP,,0.00022789946963177772
SAR-11-14-12RNA_S1,TRBV2,4.7875725880490926e-05,IMREP,,0.00034247018392895214
SAR-11-14-12RNA_S1,TRBV30,5.350816421937221e-05,IMREP,,0.0001169511356421004
